{"cameraMode":{"drawMode":0,"name":"Shaded","section":"Shading Mode"},"sceneLighting":false,"audioPlay":false,"sceneViewState":{"m_AlwaysRefresh":false,"showFog":true,"showSkybox":false,"showFlares":true,"showImageEffects":true,"showParticleSystems":true,"showVisualEffectGraphs":true,"m_FxEnabled":true},"in2DMode":false,"pivot":{"x":-0.08611583709716797,"y":6.055646896362305,"z":-1.3876101970672608},"rotation":{"x":0.06146915629506111,"y":-0.003088555531576276,"z":0.0001580370299052447,"w":0.9982258677482605},"size":6.341963291168213,"orthographic":false}